﻿<parameters>
  <parameter name="IIS Web Application Name" defaultValue="Default Web Site/KMSLotterySystemFront_deploy" tags="IisApp">
    <parameterEntry kind="ProviderPath" scope="IisApp" match="^E:\\工作\\项目文件\\康明斯防伪抽奖\\KMSLotterySystemFront\\KMSLotterySystemFront\\obj\\Release\\Package\\PackageTmp$" />
    <parameterEntry kind="ProviderPath" scope="setAcl" match="^E:\\工作\\项目文件\\康明斯防伪抽奖\\KMSLotterySystemFront\\KMSLotterySystemFront\\obj\\Release\\Package\\PackageTmp$" />
  </parameter>
  <parameter name="OracleConnectionStringTest-Web.config Connection String" description="OracleConnectionStringTest 应用程序在 web.config 中用来访问数据库的连接字符串。" defaultValue="Data Source=CCN1;User ID=develop;Password=develop;Unicode=True" tags="SqlConnectionString">
    <parameterEntry kind="XmlFile" scope="E:\\工作\\项目文件\\康明斯防伪抽奖\\KMSLotterySystemFront\\KMSLotterySystemFront\\obj\\Release\\Package\\PackageTmp\\Web\.config$" match="/configuration/connectionStrings/add[@name='OracleConnectionStringTest']/@connectionString" />
  </parameter>
  <parameter name="OracleConnectionStringTest1-Web.config Connection String" description="OracleConnectionStringTest1 应用程序在 web.config 中用来访问数据库的连接字符串。" defaultValue="Data Source=NEW_CCN;User ID=ccn;Password=acZs_A3T1byP4;Unicode=True" tags="SqlConnectionString">
    <parameterEntry kind="XmlFile" scope="E:\\工作\\项目文件\\康明斯防伪抽奖\\KMSLotterySystemFront\\KMSLotterySystemFront\\obj\\Release\\Package\\PackageTmp\\Web\.config$" match="/configuration/connectionStrings/add[@name='OracleConnectionStringTest1']/@connectionString" />
  </parameter>
</parameters>